{"cameraMode":{"drawMode":0,"name":"Shaded","section":"Shading Mode"},"sceneLighting":false,"audioPlay":false,"sceneViewState":{"m_AlwaysRefresh":false,"showFog":true,"showSkybox":false,"showFlares":true,"showImageEffects":true,"showParticleSystems":true,"showVisualEffectGraphs":true,"m_FxEnabled":true},"in2DMode":false,"pivot":{"x":-0.5112260580062866,"y":-0.06957951188087464,"z":0.07416228950023651},"rotation":{"x":0.034493256360292438,"y":-2.995863894739159e-7,"z":2.038130553216888e-8,"w":0.9994058609008789},"size":0.4503544569015503,"orthographic":true}